2026-02-10 20:15:34, Architect, Python Research, 60, 30
2026-02-10 20:37:32, Architect, REDEEM: Testing the System, 0, -15
2026-02-10 21:12:39, Architect, System Optimization, 30, 15
2026-02-10 21:13:08, Architect, REDEEM: celebration, 0, -30
2026-02-10 21:23:40, Architect,  Calibration, 5, 2
2026-02-10 21:51:15, Architect, Sentinel Upgrade Mark II, 20, 10
2026-02-11 00:45:01, Architect, Purged Edge Bloat, 30, 15
2026-02-11 15:48:21, Architect, Journal Entry, 5, 2
2026-02-11 15:49:38, Architect, Memory Verification, 5, 2
2026-02-11 16:04:34, Architect, Ironwood Journal Entry, 5, 2
2026-02-11 16:08:16, Architect, Thermal Diagnostic, 5, 2
2026-02-11 16:10:56, Architect, Prism Analysis, 5, 2
2026-02-11 16:13:06, Architect, Purged AWCC.Service.exe, 10, 5
2026-02-11 16:15:05, Architect, Thermal Diagnostic, 5, 2
2026-02-11 16:19:59, Architect, Bridge Uplink Generated, 5, 2
2026-02-11 16:24:38, Architect, Strategic Consultation, 5, 2
2026-02-11 17:05:19, Architect, "Crossing the Threshold", 24, 12
2026-02-11 19:06:14, Architect, Tower Entry, 5, 2
2026-02-11 19:07:35, Architect, Tower Entry, 5, 2
2026-02-12 13:09:42, Architect, Purchase Prism Resonance, -40, -20
2026-02-12 18:23:07, Architect, Prism Analysis, 5, 2
2026-02-12 18:24:30, Architect, Strategic Consultation, 5, 2
2026-02-12 18:24:44, Architect, Bridge Uplink Generated, 5, 2
2026-02-16 14:22:22, Architect, Bridge Uplink Generated, 5, 2
2026-02-16 14:22:39, Architect, Prism Analysis, 5, 2
2026-02-16 14:22:56, Architect, Thermal Diagnostic, 5, 2
2026-02-16 14:23:14, Architect, Strategic Consultation, 5, 2
2026-02-19 12:29:43, Architect, Journal Entry, 5, 2
2026-02-24 11:43:22, Architect, Thermal Diagnostic, 5, 2
